<?xml version="1.0" encoding="UTF-8" ?>
<widget xmlns="http://www.w3.org/ns/widgets" xmlns:gap="http://phonegap.com/ns/1.0" xmlns:cdv="http://cordova.apache.org/ns/1.0" xmlns:android="http://schemas.android.com/apk/res/android" android-versionCode="1" ios-CFBundleVersion="1" version="1" id="xdk.intel.metropoliApp"  >
<!-- This file was generated by the Intel XDK Cordova Package Build tool. -->
<name>Metropoli Golf Center</name>
<description>App Metrópoli golf center</description>
<author>Avansys</author>
<content src="index.html"/>
<preference name="android-build-tool" value="gradle" />
<allow-intent href="http://*/*"/>
<allow-intent href="https://*/*"/>
<allow-intent href="tel:*"/>
<allow-intent href="sms:*"/>
<allow-intent href="mailto:*"/>
<allow-intent href="geo:*"/>
<allow-intent href="market:*"/>
<access origin="*"/>
<allow-intent href="http://*/*"/>
<allow-intent href="https://*/*"/>
<allow-intent href="tel:*"/>
<allow-intent href="sms:*"/>
<allow-intent href="mailto:*"/>
<allow-intent href="geo:*"/>
<allow-intent href="itms:*"/>
<allow-intent href="itms-apps:*"/>
<access origin="*"/>
<preference name="phonegap-version" value="cli-6.2.0" />
<preference name="xwalkMultipleApk" value="false" />
<plugin name="cordova-plugin-statusbar" spec="2.2.3"/>
<plugin name="cordova-plugin-device" spec="1.1.6"/>
<plugin name="cordova-plugin-splashscreen" spec="4.0.3"/>
<plugin name="cordova-plugin-camera" spec="2.2.0"/>
<plugin name="cordova-plugin-compat" spec="1.0.0"/>
<plugin name="cordova-plugin-file" spec="4.2.0"/>
<plugin name="cordova-plugin-inappbrowser" spec="1.4.0"/>
<plugin name="cordova-plugin-x-socialsharing" spec="5.0.12"/>
<plugin name="onesignal-cordova-plugin" spec="https://github.com/OneSignal/OneSignal-Cordova-SDK"/> <!-- If available via Cordova registry; consider changing to an NPM reference. -->
<plugin name="cordova-plugin-whitelist" spec="1.2.2"/>
<platform  name="ios">
    <!-- below requires the splash screen plugin -->
    <!-- docs: https://github.com/apache/cordova-plugin-splashscreen -->
    <preference name="AutoHideSplashScreen" value="true"/>
    <preference name="FadeSplashScreen" value="false"/>
    <preference name="FadeSplashScreenDuration" value="2"/>
    <preference name="ShowSplashScreenSpinner" value="false"/>

    <!-- below requires the status bar plugin -->
    <!-- docs: https://github.com/apache/cordova-plugin-statusbar -->
    <!-- see http://devgirl.org/2014/07/31/phonegap-developers-guid -->
    <preference name="StatusBarOverlaysWebView" value="false"/>
    <preference name="StatusBarBackgroundColor" value="#000000"/>
    <preference name="StatusBarStyle" value="lightcontent"/>
</platform>
<platform  name="android">
    <!-- below requires the splash screen plugin -->
    <!-- docs: https://github.com/apache/cordova-plugin-splashscreen -->
    <preference name="SplashMaintainAspectRatio" value="false"/>
</platform>
<preference  name="xwalkCommandLine" value="--disable-pull-to-refresh-effect --ignore-gpu-blacklist"/>
<platform name="android" >
<preference name="android-minSdkVersion" value="19"/>
<preference name="android-targetSdkVersion" value="21"/>
<preference name="android-installLocation" value="auto"/>
<preference name="Fullscreen" value="false"/>
<preference name="Orientation" value="portrait"/>
<preference name="android-signed" value="false"/>
<preference name="AndroidLaunchMode" value="singleTop"/>
</platform>
<platform name="ios" >
<preference name="exit-on-suspend" value="false"/>
<preference name="deployment-target" value="8.0"/>
<preference name="ios-configuration" value="adhoc"/>
<preference name="Fullscreen" value="false"/>
<preference name="Orientation" value="portrait"/>
</platform>
<splash platform="android" src="package-assets/android/ss-and-720x960-min.png" density="xhdpi" width="720" height="960" orientation="portrait"/>
<splash platform="android" src="package-assets/android/ss-and-480x640-min.png" density="hdpi" width="480" height="640" orientation="portrait"/>
<splash platform="android" src="package-assets/android/ss-and-320x470-min.png" density="mdpi" width="320" height="470" orientation="portrait"/>
<splash platform="android" src="package-assets/android/ss-and-320x426-min.png" density="ldpi" width="320" height="426" orientation="portrait"/>
<splash platform="ios" src="package-assets/ios/ss-ios-340x480.png" width="320" height="480" orientation="portrait"/>
<splash platform="ios" src="package-assets/ios/ss-ios-640x960.png" width="640" height="960" orientation="portrait"/>
<splash platform="ios" src="package-assets/ios/ss-ios-640x1136.png" width="640" height="1136" orientation="portrait"/>
<splash platform="ios" src="package-assets/ios/ss-ios-768x1024.png" width="768" height="1024" orientation="portrait"/>
<splash platform="ios" src="package-assets/ios/ss-ios-1242x2208.png" width="1242" height="2208" orientation="portrait"/>
<splash platform="ios" src="package-assets/ios/ss-ios-1536x2048.png" width="1536" height="2048" orientation="portrait"/>
<splash platform="ios" src="package-assets/ios/ss-ios-2048x2732.png" width="2048" height="2732" orientation="portrait"/>
<splash platform="ios" src="package-assets/ios/rsz_1ss-ios-750x1134.png" width="750" height="1334" orientation="portrait"/>
<icon platform="android" src="package-assets/android/li-and-36x36.png" density="ldpi" width="36" height="36"/>
<icon platform="android" src="package-assets/android/li-and-48x48.png" density="mdpi" width="48" height="48"/>
<icon platform="android" src="package-assets/android/li-and-72x72.png" density="hdpi" width="72" height="72"/>
<icon platform="android" src="package-assets/android/li-and-96x96.png" density="xhdpi" width="96" height="96"/>
<icon platform="ios" src="package-assets/ios/mtp-ios-li-29x29.png" width="29" height="29"/>
<icon platform="ios" src="package-assets/ios/mtp-ios-li-40x40.png" width="40" height="40"/>
<icon platform="ios" src="package-assets/ios/mtp-ios-li-58X58.png" width="58" height="58"/>
<icon platform="ios" src="package-assets/ios/mtp-ios-li-80x80.png" width="80" height="80"/>
<icon platform="ios" src="package-assets/ios/mtp-ios-li-87x87.png" width="87" height="87"/>
<icon platform="ios" src="package-assets/ios/mtp-ios-li-60x60.png" width="60" height="60"/>
<icon platform="ios" src="package-assets/ios/mtp-ios-li-120x120.png" width="120" height="120"/>
<icon platform="ios" src="package-assets/ios/mtp-ios-li-180x180.png" width="180" height="180"/>
<icon platform="ios" src="package-assets/ios/mtp-ios-li-76x76.png" width="76" height="76"/>
<icon platform="ios" src="package-assets/ios/mtp-ios-li-152x152.png" width="152" height="152"/>
<icon platform="ios" src="package-assets/ios/mtp-ios-li-57X57.png" width="57" height="57"/>
<icon platform="ios" src="package-assets/ios/mtp-ios-li-114x114.png" width="114" height="114"/>
<icon platform="ios" src="package-assets/ios/mtp-ios-li-72x72.png" width="72" height="72"/>
<icon platform="ios" src="package-assets/ios/mtp-ios-li-144x144.png" width="144" height="144"/>
<icon platform="ios" src="package-assets/ios/mtp-ios-li-50x50.png" width="50" height="50"/>
<icon platform="ios" src="package-assets/ios/mtp-ios-li-100x100.png" width="100" height="100"/>
<icon platform="ios" src="package-assets/ios/mtp-ios-li-167x167.png" width="167" height="167"/>
<config-file platform="android" parent="/manifest/application" mode="merge"> 
    <activity android:launchMode="singleTop" />
</config-file>
</widget>
